"item","Zh","outfit","z.outfit","infit","z.infit","S_X2","df.S_X2","RMSEA.S_X2","p.S_X2","X2_star","p.X2_star"
"Item51",1.42107498440984,0.912659555630122,-0.986615791375323,0.928661792252139,-1.18559653142032,85.9927646249646,29,0.0522087422559203,1.4869954123293e-07,63.9793451239811,0.0168
"Item52",2.06941717912009,0.798595498844297,-1.69755114048561,0.885274673087198,-2.00106017362426,49.0434373787256,27,0.0336503932957557,0.00585712208183004,35.6988495273046,0.0516
"Item53",2.14984348974234,0.799845838860981,-1.75350441158459,0.880470370265221,-1.94979055766186,20.926529641456,23,0,0.585574375858174,308.551893180833,0.0018
"Item54",2.31257939565538,0.793796125922559,-1.56237727588894,0.875187969533739,-2.06863394371196,39.4187987892066,25,0.0282830931587141,0.0334296054606306,67.1257889686242,0.0134
"Item55",2.06716472544661,0.812555438419526,-1.58718167044074,0.883490193453214,-1.91863091192498,30.2899457599533,24,0.019065587698823,0.175326901707814,140.115480311288,0.0058
"Item56",2.21125005225107,0.860442182000247,-1.99640604982556,0.877576304667335,-2.11938294765849,41.0144002851191,26,0.0283008636293644,0.0309307386266616,83.1739080637549,0.0082
"Item57",2.13429129817212,0.912669201730337,-1.25757067873599,0.917537287891787,-1.39395908692773,30.5173609952673,27,0.0134418472913954,0.291415362444387,8623.24128838275,0
"Item58",1.03509362991198,1.02446442449548,0.432433537169588,0.98424576422861,-0.253571522431772,105.370265180529,43,0.0448525289438662,3.76134660247159e-07,106.420150953831,0.0012
"Item59",1.11014428118634,0.909110328559491,-1.18954847560108,0.960658213321264,-0.616861022245554,88.2576319969056,38,0.0428293595600957,7.09964157947272e-06,26.8918624067834,0.095
