"item","Zh","outfit","z.outfit","infit","z.infit","S_X2","df.S_X2","RMSEA.S_X2","p.S_X2","X2_star","p.X2_star"
"Item9",1.18094648591769,0.979796508476307,-0.337159957968879,0.956300101302807,-0.769229682493004,90.8915774037362,34,0.0481744646124964,4.40201617673195e-07,50.5292404838012,0.0044
"Item10",1.78092735552182,0.962435322750644,-0.61888725231532,0.92100361308271,-1.41041889783184,48.6836775238487,26,0.0347858344663202,0.00449833048185055,49.5613214405396,0.0126
"Item11",2.33842532633174,0.825011581897941,-2.07968600789718,0.882259878772955,-1.97634679046996,67.9257547834642,21,0.0556709142703032,7.52698346200378e-07,40.6282522346057,0.0158
"Item12",2.5350652569465,0.793131691813994,-2.78564154038744,0.860558316819848,-2.34946047855124,32.8932582115133,20,0.0299018948503089,0.034661851439402,35.4845592284725,0.0174
"Item13",1.82971566018792,0.939497696407539,-0.963383548508726,0.947342339990665,-0.892315742409344,76.9049750906112,30,0.0465673147009398,5.45039995876728e-06,49.3030263888885,0.0084
"Item14",3.3273808886925,0.72114791274683,-2.70577857270303,0.820123453156189,-3.13273819119341,44.737084638814,21,0.0395946409841587,0.00187490677202395,85.5718360441,0.007
"Item15",3.66026414527096,0.712845895396671,-2.87632202147826,0.792043239763694,-3.71280752309888,43.9818018834698,19,0.0427038909198121,0.000949863592939838,67.9492706661894,0.0082
