"item","Zh","outfit","z.outfit","infit","z.infit","S_X2","df.S_X2","RMSEA.S_X2","p.S_X2","X2_star","p.X2_star"
"Item60",1.71556342108597,0.743115495874377,-2.38465699499926,0.899526200732922,-1.5090077419067,25.9164858809607,12,0.0401057402089398,0.011029708439984,30.2869635270659,0.0662
"Item61",2.33241619640387,0.678618894134462,-3.15810165842722,0.869016458979765,-2.06675786389747,12.9302391735352,12,0.0103690521027202,0.374131548977018,29.9625082658983,0.1154
"Item62",2.04591258901402,0.662597566905502,-2.38769619467208,0.887864581130874,-1.67615005131891,17.2518554157329,12,0.0246375844158847,0.140366437264795,557.885100833723,0.0012
"Item63",2.04911570559728,0.690362005304737,-1.87873878231778,0.888946437613712,-1.653948797367,15.1259236584378,12,0.019007759500396,0.234622183605724,504.922347628075,4e-04
"Item64",2.0745693195772,0.698809773810793,-2.3223692492632,0.89977583674531,-1.52212936495338,23.3390258429068,12,0.0362017543548165,0.0249817855640597,30.2716281283777,0.12
"Item65",1.55189511595076,0.870833006620438,-1.33945944633264,1.00317506654306,0.0696273865034759,22.9530739750004,15,0.0271177872458891,0.0851412826227161,962.671330969321,4e-04
